Date(UTC),Julian Date,TS,Photon Flux [0.1-100 GeV](photons cm-2 s-1),Photon Flux Error(photons cm-2 s-1)
Aug 08 2008,2454687,149.81,1.32e-07,2.4e-08
Aug 15 2008,2454694,53.93,9.75e-08,2.42e-08
Aug 22 2008,2454701,83.88,1.29e-07,2.7e-08
Aug 29 2008,2454708,116.28,1.5e-07,2.8e-08
Sep 05 2008,2454715,171.92,1.91e-07,2.8e-08
Sep 12 2008,2454722,103.41,1.28e-07,2.3e-08
Sep 19 2008,2454729,84.58,1.16e-07,2.34e-08
Sep 26 2008,2454736,205.55,1.69e-07,2.6e-08
Oct 03 2008,2454743,219.15,2.47e-07,3.1e-08
Oct 10 2008,2454750,160.84,1.96e-07,3.2e-08
Oct 17 2008,2454757,116.58,1.73e-07,3.2e-08
Oct 24 2008,2454764,94.28,1.25e-07,2.4e-08
Oct 31 2008,2454771,57.98,7.84e-08,1.9e-08
Nov 07 2008,2454777,49.73,7.38e-08,1.9e-08
Nov 14 2008,2454784,84.18,1e-07,2.2e-08
Nov 21 2008,2454791,96.09,1.1e-07,2.19e-08
Nov 28 2008,2454798,157.8,1.84e-07,2.8e-08
Dec 05 2008,2454806,102.07,1.63e-07,3.1e-08
Dec 12 2008,2454813,67.01,1.21e-07,2.66e-08
Dec 19 2008,2454820,42.68,8.97e-08,2.32e-08
Dec 26 2008,2454827,19.75,4.19e-08,1.55e-08
Jan 02 2009,2454833,22.54,5.23e-08,1.77e-08
Jan 09 2009,2454840,4.94,1.9e-08,1.21e-08
Jan 16 2009,2454847,15.31,3.96e-08,1.59e-08
Jan 23 2009,2454854,9.32,2.84e-08,1.64e-08
Jan 30 2009,2454861,14.2,5.56e-08,2.32e-08
Feb 06 2009,2454868,9.8,1.24e-08,9.29e-09
Feb 13 2009,2454875,17.09,3.77e-08,1.62e-08
Feb 20 2009,2454882,14.24,4.21e-08,1.66e-08
Feb 27 2009,2454889,32.66,6.56e-08,1.84e-08
Mar 06 2009,2454898,36.28,6.84e-08,1.87e-08
Mar 13 2009,2454905,1.81,6.97e-08,3.485e-08
Mar 20 2009,2454912,79.55,1.23e-07,2.72e-08
Mar 27 2009,2454919,31.3,5.98e-08,2e-08
Apr 03 2009,2454926,25.09,5.15e-08,1.85e-08
Apr 10 2009,2454933,8.59,2.48e-08,1.31e-08
Apr 17 2009,2454940,232.74,2.05e-07,2.8e-08
Apr 24 2009,2454947,114.62,1.55e-07,2.7e-08
May 01 2009,2454954,149.41,1.68e-07,2.7e-08
May 08 2009,2454961,97.71,1.5e-07,2.8e-08
May 15 2009,2454968,145.38,1.66e-07,2.7e-08
May 22 2009,2454975,264.06,2.99e-07,3.7e-08
May 29 2009,2454982,218.92,2.46e-07,3.1e-08
Jun 05 2009,2454988,164.93,1.83e-07,2.7e-08
Jun 12 2009,2454995,416.81,3.2e-07,3.4e-08
Jun 19 2009,2455002,299.19,2.54e-07,2.9e-08
Jun 26 2009,2455009,139.29,1.59e-07,2.6e-08
Jul 03 2009,2455017,112.62,1.43e-07,2.8e-08
Jul 10 2009,2455024,201.5,2.48e-07,3.5e-08
Jul 17 2009,2455031,276.51,2.82e-07,3.3e-08
Jul 24 2009,2455038,285.5,2.58e-07,3.2e-08
Jul 31 2009,2455045,668.76,4.18e-07,3.5e-08
Aug 07 2009,2455051,428.18,3.26e-07,3.3e-08
Aug 14 2009,2455058,486.47,3.47e-07,3.2e-08
Aug 21 2009,2455065,375.04,3.34e-07,3.6e-08
Aug 28 2009,2455072,363.28,3.5e-07,3.7e-08
Sep 04 2009,2455079,233.4,2.28e-07,2.9e-08
Sep 11 2009,2455086,234.91,1.98e-07,2.6e-08
Sep 18 2009,2455093,253.73,2.26e-07,2.8e-08
Sep 25 2009,2455100,242.65,1.99e-07,2.6e-08
Oct 02 2009,2455107,747.41,4.21e-07,3.4e-08
Oct 09 2009,2455114,636.75,4.17e-07,3.6e-08
Oct 16 2009,2455121,209.47,2.21e-07,2.9e-08
Oct 23 2009,2455128,258.44,2.41e-07,3e-08
Oct 30 2009,2455135,233.01,1.93e-07,2.6e-08
Nov 06 2009,2455142,86.11,1.06e-07,2.02e-08
Nov 13 2009,2455149,8.57,4.42e-08,1.89e-08
Nov 20 2009,2455156,41.48,7.62e-08,1.9e-08
Nov 27 2009,2455163,56.76,6.78e-08,1.82e-08
Dec 04 2009,2455170,45.37,5.55e-08,1.56e-08
Dec 11 2009,2455177,46.7,6.77e-08,1.77e-08
Dec 18 2009,2455184,54.53,8.37e-08,1.94e-08
Dec 25 2009,2455191,26.93,4.46e-08,1.57e-08
Jan 01 2010,2455197,41.97,5.96e-08,1.61e-08
Jan 08 2010,2455204,68.57,7.15e-08,1.78e-08
Jan 15 2010,2455211,80.52,1.14e-07,2.22e-08
Jan 22 2010,2455218,59.65,8.44e-08,2.04e-08
Jan 29 2010,2455225,135.91,1.35e-07,2.3e-08
Feb 05 2010,2455232,158.11,1.77e-07,2.5e-08
Feb 12 2010,2455239,80.01,1.12e-07,2.29e-08
Feb 19 2010,2455246,129.86,1.35e-07,2.3e-08
Feb 26 2010,2455253,566.7,3.56e-07,3.2e-08
Mar 05 2010,2455262,340.11,2.63e-07,2.8e-08
Mar 12 2010,2455269,545.01,3.65e-07,3.3e-08
Mar 19 2010,2455276,68.48,1.11e-07,2.27e-08
Mar 26 2010,2455283,263.73,2.38e-07,2.9e-08
Apr 02 2010,2455290,289.84,2.43e-07,2.9e-08
Apr 09 2010,2455297,92.02,1.14e-07,2.25e-08
Apr 16 2010,2455304,467.61,3.2e-07,3.1e-08
Apr 23 2010,2455311,362.01,3.03e-07,3e-08
Apr 30 2010,2455318,231.61,2.06e-07,2.7e-08
May 07 2010,2455325,229.72,2.07e-07,2.6e-08
May 14 2010,2455332,34.78,5.73e-08,1.72e-08
May 21 2010,2455339,245.52,2.45e-07,3e-08
May 28 2010,2455346,568.06,4.07e-07,3.6e-08
Jun 04 2010,2455353,461.84,3.21e-07,3.1e-08
Jun 11 2010,2455360,532.29,3.43e-07,3.3e-08
Jun 18 2010,2455367,281.51,2.38e-07,2.8e-08
Jun 25 2010,2455374,204.95,1.88e-07,2.6e-08
Jul 02 2010,2455381,407.63,2.89e-07,2.9e-08
Jul 09 2010,2455388,297.06,2.51e-07,2.8e-08
Jul 16 2010,2455395,281.61,2.47e-07,2.9e-08
Jul 23 2010,2455402,284.0,2.37e-07,2.9e-08
Jul 30 2010,2455409,238.22,2.04e-07,2.6e-08
Aug 06 2010,2455416,500.21,3.26e-07,3.1e-08
Aug 13 2010,2455423,341.88,2.73e-07,3e-08
Aug 20 2010,2455430,238.71,1.91e-07,2.5e-08
Aug 27 2010,2455437,108.0,1.08e-07,2.06e-08
Sep 03 2010,2455443,141.2,1.5e-07,2.3e-08
Sep 10 2010,2455450,314.19,2.36e-07,2.9e-08
Sep 17 2010,2455457,288.39,2.56e-07,3e-08
Sep 24 2010,2455464,298.92,2.6e-07,3.1e-08
Oct 01 2010,2455471,217.57,1.73e-07,2.4e-08
Oct 08 2010,2455478,207.94,1.71e-07,2.5e-08
Oct 15 2010,2455485,142.07,1.51e-07,2.4e-08
Oct 22 2010,2455492,55.27,7.62e-08,1.93e-08
Oct 29 2010,2455499,88.38,1.04e-07,2.13e-08
Nov 05 2010,2455506,125.53,1.4e-07,2.3e-08
Nov 12 2010,2455513,211.98,1.93e-07,2.5e-08
Nov 19 2010,2455520,109.24,1.29e-07,2.3e-08
Nov 26 2010,2455527,136.97,1.51e-07,2.5e-08
Dec 03 2010,2455534,128.55,1.47e-07,2.4e-08
Dec 10 2010,2455541,243.94,2.27e-07,2.9e-08
Dec 17 2010,2455548,100.24,1.4e-07,2.5e-08
Dec 24 2010,2455555,145.14,1.61e-07,2.6e-08
Dec 31 2010,2455562,69.77,1.07e-07,2.42e-08
Jan 07 2011,2455569,82.53,9.33e-08,1.94e-08
Jan 14 2011,2455576,64.29,8.17e-08,1.83e-08
Jan 21 2011,2455583,123.3,1.33e-07,2.3e-08
Jan 28 2011,2455590,130.06,1.29e-07,2.2e-08
Feb 04 2011,2455596,66.53,9.65e-08,2.02e-08
Feb 11 2011,2455603,41.52,7.85e-08,2.13e-08
Feb 18 2011,2455610,57.49,9.56e-08,2.14e-08
Feb 25 2011,2455617,475.27,3.79e-07,3.5e-08
Mar 04 2011,2455627,983.63,5.57e-07,4e-08
Mar 11 2011,2455634,470.12,3.64e-07,3.4e-08
Mar 18 2011,2455641,117.99,1.43e-07,2.4e-08
Mar 25 2011,2455648,94.9,1.22e-07,2.38e-08
Apr 01 2011,2455654,126.57,1.61e-07,2.6e-08
Apr 08 2011,2455661,175.38,1.58e-07,2.4e-08
Apr 15 2011,2455668,188.83,1.73e-07,2.4e-08
Apr 22 2011,2455675,49.5,7.61e-08,1.92e-08
Apr 29 2011,2455682,23.07,4.86e-08,1.65e-08
May 06 2011,2455689,116.99,1.21e-07,2.13e-08
May 13 2011,2455696,125.1,1.54e-07,2.5e-08
May 20 2011,2455703,22.93,4.92e-08,1.7e-08
May 27 2011,2455710,124.78,1.56e-07,2.6e-08
Jun 03 2011,2455717,272.83,2.73e-07,3.2e-08
Jun 10 2011,2455724,337.79,2.79e-07,3.1e-08
Jun 17 2011,2455731,350.62,3.19e-07,3.2e-08
Jun 24 2011,2455738,147.78,1.45e-07,2.4e-08
Jul 01 2011,2455745,36.73,5.83e-08,1.71e-08
Jul 08 2011,2455752,637.89,4.28e-07,3.6e-08
Jul 15 2011,2455759,685.45,5.13e-07,3.9e-08
Jul 22 2011,2455766,84.84,1.02e-07,2.15e-08
Jul 29 2011,2455773,78.9,1.07e-07,2.14e-08
Aug 05 2011,2455780,64.11,1.02e-07,2.21e-08
Aug 12 2011,2455787,252.11,1.98e-07,2.6e-08
Aug 19 2011,2455794,180.37,1.8e-07,2.5e-08
Aug 26 2011,2455801,278.39,2.34e-07,2.9e-08
Sep 02 2011,2455807,351.28,3e-07,3.3e-08
Sep 09 2011,2455814,654.12,4.17e-07,3.3e-08
Sep 16 2011,2455821,270.25,2.38e-07,2.9e-08
Sep 23 2011,2455828,219.38,2.17e-07,2.9e-08
Sep 30 2011,2455835,310.2,2.81e-07,3.2e-08
Oct 07 2011,2455843,426.29,3.25e-07,3.2e-08
Oct 14 2011,2455850,343.02,2.7e-07,2.9e-08
Oct 21 2011,2455857,1473.86,7.94e-07,4.6e-08
Oct 28 2011,2455864,563.91,3.97e-07,3.5e-08
Nov 04 2011,2455870,272.95,2.6e-07,3.1e-08
Nov 11 2011,2455877,148.67,1.46e-07,2.4e-08
Nov 18 2011,2455884,142.81,1.73e-07,2.7e-08
Nov 25 2011,2455891,276.85,2.32e-07,2.8e-08
Dec 02 2011,2455899,156.99,1.61e-07,2.5e-08
Dec 09 2011,2455906,365.21,2.85e-07,2.9e-08
Dec 16 2011,2455913,270.99,2.41e-07,2.9e-08
Dec 23 2011,2455920,303.35,2.22e-07,2.7e-08
Dec 30 2011,2455927,289.11,2.58e-07,3e-08
Jan 06 2012,2455933,332.81,2.91e-07,3.3e-08
Jan 13 2012,2455940,137.04,1.54e-07,2.4e-08
Jan 20 2012,2455947,122.0,1.07e-07,2.04e-08
Jan 27 2012,2455954,188.82,1.97e-07,2.7e-08
Feb 03 2012,2455960,638.38,4.22e-07,3.6e-08
Feb 10 2012,2455967,290.02,2.36e-07,2.7e-08
Feb 17 2012,2455974,211.13,1.88e-07,2.7e-08
Feb 24 2012,2455981,654.15,4.44e-07,3.7e-08
Mar 02 2012,2455990,518.1,3.6e-07,3.5e-08
Mar 09 2012,2455997,472.16,2.67e-07,2.5e-08
Mar 16 2012,2456004,520.06,3.45e-07,3.1e-08
Mar 23 2012,2456011,777.65,4.51e-07,3.6e-08
Mar 30 2012,2456018,427.86,3.22e-07,3.2e-08
Apr 06 2012,2456024,345.31,2.78e-07,3e-08
Apr 13 2012,2456031,360.23,2.55e-07,2.8e-08
Apr 20 2012,2456038,499.73,3.8e-07,3.8e-08
Apr 27 2012,2456045,679.41,3.96e-07,3.3e-08
May 04 2012,2456053,765.32,4.4e-07,3.4e-08
May 11 2012,2456060,582.99,3.45e-07,3.2e-08
May 18 2012,2456067,358.96,2.55e-07,2.9e-08
May 25 2012,2456074,810.81,4.25e-07,3.3e-08
Jun 01 2012,2456080,603.15,3.61e-07,3.4e-08
Jun 08 2012,2456087,464.69,3.24e-07,3.2e-08
Jun 15 2012,2456094,223.4,2.02e-07,2.8e-08
Jun 22 2012,2456101,448.9,2.98e-07,3e-08
Jun 29 2012,2456108,577.11,3.86e-07,3.3e-08
Jul 06 2012,2456116,1368.3,6.39e-07,3.7e-08
Jul 13 2012,2456123,381.41,3.16e-07,3.3e-08
Jul 20 2012,2456130,270.51,2.52e-07,3e-08
Jul 27 2012,2456137,363.1,2.98e-07,3.2e-08
Aug 03 2012,2456143,1587.98,8.06e-07,4.5e-08
Aug 10 2012,2456150,456.96,3.19e-07,3.1e-08
Aug 17 2012,2456157,894.92,5.38e-07,4e-08
Aug 24 2012,2456164,437.46,3.26e-07,3.2e-08
Aug 31 2012,2456171,334.73,2.78e-07,3.1e-08
Sep 07 2012,2456177,1032.34,5.98e-07,4.1e-08
Sep 14 2012,2456184,1094.41,6.34e-07,4.4e-08
Sep 21 2012,2456191,345.89,2.64e-07,2.8e-08
Sep 28 2012,2456198,1072.78,4.02e-07,2.6e-08
Oct 05 2012,2456206,362.33,2.65e-07,3e-08
Oct 12 2012,2456213,454.59,3.18e-07,3e-08
Oct 19 2012,2456220,135.98,1.42e-07,2.3e-08
Oct 26 2012,2456227,232.0,2.19e-07,2.9e-08
Nov 02 2012,2456233,430.33,3.06e-07,3.2e-08
Nov 09 2012,2456240,442.22,3.37e-07,3.3e-08
Nov 16 2012,2456247,343.8,2.67e-07,2.9e-08
Nov 23 2012,2456254,57.85,8.64e-08,2.08e-08
Nov 30 2012,2456261,53.38,8.16e-08,2.05e-08
Dec 07 2012,2456269,190.34,1.89e-07,2.6e-08
Dec 14 2012,2456276,262.47,2.53e-07,3.1e-08
Dec 21 2012,2456283,205.73,1.89e-07,2.6e-08
Dec 28 2012,2456290,99.36,1.1e-07,2.07e-08
Jan 04 2013,2456296,94.74,1.11e-07,2.2e-08
Jan 11 2013,2456303,82.08,9.23e-08,2.02e-08
Jan 18 2013,2456310,46.04,6.93e-08,1.85e-08
Jan 25 2013,2456317,38.16,7.06e-08,1.92e-08
Feb 01 2013,2456324,64.88,1.06e-07,2.19e-08
Feb 08 2013,2456331,134.51,1.3e-07,2.3e-08
Feb 15 2013,2456338,68.18,8.97e-08,1.99e-08
Feb 22 2013,2456345,172.53,1.85e-07,2.6e-08
Mar 01 2013,2456354,98.15,1.02e-07,2.02e-08
Mar 08 2013,2456361,221.47,2e-07,2.5e-08
Mar 15 2013,2456368,260.1,2.21e-07,2.7e-08
Mar 22 2013,2456375,279.15,2.14e-07,2.6e-08
Mar 29 2013,2456382,66.2,7.62e-08,1.79e-08
Apr 05 2013,2456389,528.39,3.29e-07,3e-08
Apr 12 2013,2456396,830.92,4.31e-07,3.3e-08
Apr 19 2013,2456403,953.99,5.85e-07,4.3e-08
Apr 26 2013,2456410,591.43,3.77e-07,3.6e-08
May 03 2013,2456417,207.88,1.99e-07,2.7e-08
May 10 2013,2456424,207.21,2.01e-07,2.8e-08
May 17 2013,2456431,558.91,2.51e-07,2.2e-08
May 24 2013,2456438,442.62,3.69e-07,3.6e-08
May 31 2013,2456445,491.53,3.53e-07,3.3e-08
Jun 07 2013,2456451,280.41,2.43e-07,2.8e-08
Jun 14 2013,2456458,373.86,3e-07,3.2e-08
Jun 21 2013,2456465,278.0,2.5e-07,3e-08
Jun 28 2013,2456472,111.96,1.31e-07,2.4e-08
Jul 05 2013,2456480,103.13,1.02e-07,1.98e-08
Jul 12 2013,2456487,37.33,7.34e-08,1.93e-08
Jul 19 2013,2456494,49.75,8.59e-08,2.08e-08
Jul 26 2013,2456501,23.54,2.94e-08,1.26e-08
Aug 02 2013,2456507,50.2,7.4e-08,1.99e-08
Aug 09 2013,2456514,7.21,1.07e-08,8.35e-09
Aug 16 2013,2456521,30.55,5.88e-08,1.93e-08
Aug 23 2013,2456528,78.36,1.05e-07,2.28e-08
Aug 30 2013,2456535,16.17,3.58e-08,1.42e-08
Sep 06 2013,2456542,19.59,4.08e-08,1.51e-08
Sep 13 2013,2456549,55.47,6.61e-08,1.78e-08
Sep 20 2013,2456556,33.6,5.15e-08,1.65e-08
Sep 27 2013,2456563,2.45,3.25e-08,1.625e-08
Oct 04 2013,2456570,7.31,1.37e-08,9.47e-09
Oct 11 2013,2456577,4.91,2.51e-08,1.44e-08
Oct 18 2013,2456584,97.91,9.11e-08,1.72e-08
Oct 25 2013,2456591,78.52,1.5e-07,3.3e-08
Nov 01 2013,2456598,74.74,9.87e-08,2.15e-08
Nov 08 2013,2456605,77.37,8.84e-08,1.94e-08
Nov 15 2013,2456612,75.89,1.04e-07,2.15e-08
Nov 22 2013,2456619,26.25,5.24e-08,1.64e-08
Nov 29 2013,2456626,0.38,3.59e-08,1.795e-08
Dec 06 2013,2456633,5.81,1.94e-08,1.79e-08
Dec 13 2013,2456640,7.53,4.54e-08,2.56e-08
Dec 20 2013,2456647,104.76,9.1e-08,2.14e-08
Dec 27 2013,2456654,52.94,8.79e-08,1.96e-08
Jan 03 2014,2456660,6.2,2.47e-08,1.38e-08
Jan 10 2014,2456667,24.93,7.49e-08,2.48e-08
Jan 17 2014,2456674,41.61,1.33e-07,4.73e-08
Jan 24 2014,2456681,105.58,8.83e-08,1.57e-08
Jan 31 2014,2456688,179.97,9.33e-08,1.35e-08
Feb 07 2014,2456695,9.31,3.77e-08,1.65e-08
Feb 14 2014,2456702,24.93,4.55e-08,1.53e-08
Feb 21 2014,2456709,87.99,1.03e-07,1.98e-08
Feb 28 2014,2456716,207.88,3.01e-07,4.5e-08
Mar 07 2014,2456725,78.96,1.45e-07,3.3e-08
Mar 14 2014,2456732,105.1,1.85e-07,3.3e-08
Mar 21 2014,2456739,164.49,1.79e-07,2.9e-08
Mar 28 2014,2456746,63.01,9.38e-08,2.19e-08
Apr 04 2014,2456753,237.84,2.54e-07,3.5e-08
Apr 11 2014,2456760,428.19,3.17e-07,3.3e-08
Apr 18 2014,2456767,1351.46,7.43e-07,4.7e-08
Apr 25 2014,2456774,157.98,1.72e-07,2.6e-08
May 02 2014,2456781,399.96,3.24e-07,3.4e-08
May 09 2014,2456788,706.62,4.08e-07,3.5e-08
May 16 2014,2456795,537.22,3.6e-07,3.3e-08
May 23 2014,2456802,269.98,2.24e-07,2.8e-08
May 30 2014,2456809,181.66,1.79e-07,2.7e-08
Jun 06 2014,2456816,410.67,3.41e-07,3.4e-08
Jun 13 2014,2456823,166.84,1.69e-07,2.5e-08
Jun 20 2014,2456830,367.78,3.09e-07,3.3e-08
Jun 27 2014,2456837,518.93,4.37e-07,3.8e-08
Jul 04 2014,2456844,130.24,1.61e-07,2.4e-08
Jul 11 2014,2456851,108.57,1.4e-07,2.5e-08
Jul 18 2014,2456858,89.38,1.16e-07,2.17e-08
Jul 25 2014,2456865,108.39,1.6e-07,2.7e-08
Aug 01 2014,2456872,493.73,3.48e-07,3.3e-08
Aug 08 2014,2456879,233.47,2.76e-07,3.6e-08
Aug 15 2014,2456886,133.69,3.23e-07,5.7e-08
Aug 22 2014,2456893,290.35,2.97e-07,3.2e-08
Aug 29 2014,2456900,101.03,1.36e-07,2.6e-08
Sep 05 2014,2456906,246.66,2.03e-07,2.7e-08
Sep 12 2014,2456913,394.63,2.76e-07,3e-08
Sep 19 2014,2456920,453.38,3.34e-07,3.3e-08
Sep 26 2014,2456927,196.89,2.26e-07,3.1e-08
Oct 03 2014,2456934,91.37,1.48e-07,3e-08
Oct 10 2014,2456941,30.69,1.41e-07,4.76e-08
Oct 17 2014,2456948,51.67,1.27e-07,3.05e-08
Oct 24 2014,2456955,183.79,2.06e-07,3e-08
Oct 31 2014,2456962,64.05,8.5e-08,1.94e-08
Nov 07 2014,2456969,179.96,1.73e-07,2.5e-08
Nov 14 2014,2456976,662.29,4.34e-07,3.6e-08
Nov 21 2014,2456983,448.91,3.5e-07,3.6e-08
Nov 28 2014,2456990,158.12,2.73e-07,4.5e-08
Dec 05 2014,2456997,83.36,1.24e-07,2.58e-08
Dec 12 2014,2457004,149.21,1.56e-07,2.5e-08
Dec 19 2014,2457011,135.82,1.36e-07,2.2e-08
Dec 26 2014,2457018,138.45,1.63e-07,2.6e-08
Jan 02 2015,2457025,145.24,1.28e-07,2.1e-08
Jan 09 2015,2457032,207.29,2.05e-07,2.6e-08
Jan 16 2015,2457039,945.22,5.48e-07,3.9e-08
Jan 23 2015,2457046,1300.21,6.7e-07,4.2e-08
Jan 30 2015,2457053,383.8,3.05e-07,3.3e-08
Feb 06 2015,2457059,353.54,2.7e-07,3e-08
Feb 13 2015,2457066,201.52,1.77e-07,2.4e-08
Feb 20 2015,2457073,95.19,1.17e-07,2.1e-08
Feb 27 2015,2457080,415.38,3.04e-07,3.2e-08
Mar 06 2015,2457090,506.25,3.58e-07,3.3e-08
Mar 13 2015,2457097,501.92,3.7e-07,3.4e-08
Mar 20 2015,2457104,280.3,4.54e-07,5.8e-08
Mar 27 2015,2457111,491.4,4.1e-07,4.1e-08
Apr 03 2015,2457117,1164.45,7.08e-07,4.5e-08
Apr 10 2015,2457124,917.38,5.24e-07,3.7e-08
Apr 17 2015,2457131,1547.1,7.26e-07,4.3e-08
Apr 24 2015,2457138,493.42,3.05e-07,3.1e-08
May 01 2015,2457145,239.11,2.25e-07,2.9e-08
May 08 2015,2457152,480.61,3.48e-07,3.4e-08
May 15 2015,2457159,403.12,2.89e-07,3e-08
May 22 2015,2457166,400.26,3.31e-07,3.3e-08
May 29 2015,2457173,655.25,4.47e-07,3.7e-08
Jun 05 2015,2457180,295.1,2.24e-07,2.7e-08
Jun 12 2015,2457187,328.41,2.5e-07,2.7e-08
Jun 19 2015,2457194,235.36,2.31e-07,3e-08
Jun 26 2015,2457201,119.92,1.28e-07,2.3e-08
Jul 03 2015,2457208,89.58,1.12e-07,2.05e-08
Jul 10 2015,2457215,202.51,1.77e-07,2.5e-08
Jul 17 2015,2457222,94.3,1.02e-07,2.06e-08
Jul 24 2015,2457229,147.26,1.46e-07,2.4e-08
Jul 31 2015,2457236,42.05,7.11e-08,1.8e-08
Aug 07 2015,2457243,120.28,1.19e-07,2.17e-08
Aug 14 2015,2457250,80.24,1.05e-07,2.12e-08
Aug 21 2015,2457257,12.39,4.09e-08,1.64e-08
Aug 28 2015,2457264,17.68,4.53e-08,1.61e-08
Sep 04 2015,2457270,35.46,5.41e-08,1.72e-08
Sep 11 2015,2457277,58.95,8.02e-08,1.92e-08
Sep 18 2015,2457284,173.81,1.52e-07,2.5e-08
Sep 25 2015,2457291,187.84,1.76e-07,2.5e-08
Oct 02 2015,2457299,180.92,1.5e-07,2.3e-08
Oct 09 2015,2457306,53.02,9.23e-08,2.11e-08
Oct 16 2015,2457313,145.77,1.58e-07,2.5e-08
Oct 23 2015,2457320,138.26,1.58e-07,2.4e-08
Oct 30 2015,2457327,298.0,2.16e-07,2.6e-08
Nov 06 2015,2457333,1003.06,5.53e-07,3.8e-08
Nov 13 2015,2457340,803.79,4.61e-07,3.6e-08
Nov 20 2015,2457347,1083.57,5.74e-07,4e-08
Nov 27 2015,2457354,754.49,4.39e-07,3.5e-08
Dec 04 2015,2457362,308.42,2.34e-07,2.8e-08
Dec 11 2015,2457369,446.97,3.01e-07,3e-08
Dec 18 2015,2457376,153.96,1.36e-07,2.2e-08
Dec 25 2015,2457383,178.44,1.7e-07,2.4e-08
Jan 01 2016,2457389,415.66,3.1e-07,3.2e-08
Jan 08 2016,2457396,656.25,4.01e-07,3.4e-08
Jan 15 2016,2457403,461.49,2.67e-07,2.7e-08
Jan 22 2016,2457410,261.3,2.1e-07,2.6e-08
Jan 29 2016,2457417,70.73,8.52e-08,1.93e-08
Feb 05 2016,2457423,125.76,1.54e-07,2.6e-08
Feb 12 2016,2457430,189.98,1.85e-07,2.6e-08
Feb 19 2016,2457437,253.34,1.88e-07,2.4e-08
Feb 26 2016,2457444,195.95,1.59e-07,2.4e-08
Mar 04 2016,2457453,168.91,1.59e-07,2.4e-08
Mar 11 2016,2457460,110.19,1.17e-07,2.09e-08
Mar 18 2016,2457467,256.29,2.24e-07,2.8e-08
Mar 25 2016,2457474,170.2,1.99e-07,2.9e-08
Apr 01 2016,2457480,208.68,1.94e-07,2.6e-08
Apr 08 2016,2457487,145.34,1.45e-07,2.3e-08
Apr 15 2016,2457494,147.09,1.36e-07,2.2e-08
Apr 22 2016,2457501,157.12,1.56e-07,2.3e-08
Apr 29 2016,2457508,227.89,1.65e-07,2.3e-08
May 06 2016,2457516,196.75,1.82e-07,2.5e-08
May 13 2016,2457523,82.85,8.93e-08,1.9e-08
May 20 2016,2457530,72.07,1.01e-07,2.1e-08
May 27 2016,2457537,140.92,1.4e-07,2.2e-08
Jun 03 2016,2457543,139.53,1.48e-07,2.3e-08
Jun 10 2016,2457550,22.48,6.08e-08,2e-08
Jun 17 2016,2457557,86.07,1.18e-07,2.29e-08
Jun 24 2016,2457564,14.8,4.31e-08,1.75e-08
Jul 01 2016,2457572,35.2,4.97e-08,1.58e-08
Jul 08 2016,2457579,17.22,4.86e-08,1.68e-08
Jul 15 2016,2457586,9.86,3.75e-08,1.71e-08
Jul 22 2016,2457593,68.61,7.56e-08,1.86e-08
Jul 29 2016,2457600,121.29,1.39e-07,2.3e-08
Aug 05 2016,2457606,16.86,1.96e-07,1.08e-07
Aug 12 2016,2457613,45.79,6.87e-08,1.85e-08
Aug 19 2016,2457620,10.84,3.13e-08,1.47e-08
Aug 26 2016,2457627,89.79,7.55e-08,1.71e-08
Sep 02 2016,2457633,45.03,6.99e-08,1.79e-08
Sep 09 2016,2457640,43.3,6.1e-08,1.71e-08
Sep 16 2016,2457647,54.74,7.59e-08,1.84e-08
Sep 23 2016,2457654,62.06,9.47e-08,2.12e-08
Sep 30 2016,2457661,141.38,1.54e-07,2.5e-08
Oct 07 2016,2457669,43.03,8.24e-08,2.07e-08
Oct 14 2016,2457676,34.8,7.25e-08,2.16e-08
Oct 21 2016,2457683,23.7,5.03e-08,1.77e-08
Oct 28 2016,2457690,2.16,6.85e-08,3.425e-08
Nov 04 2016,2457696,82.78,1.05e-07,2.11e-08
Nov 11 2016,2457703,96.15,9.19e-08,1.98e-08
Nov 18 2016,2457710,20.95,3.77e-08,1.56e-08
Nov 25 2016,2457717,47.93,6.88e-08,1.73e-08
Dec 02 2016,2457725,26.57,5.37e-08,1.73e-08
Dec 09 2016,2457732,82.98,1.08e-07,2.18e-08
Dec 16 2016,2457739,43.89,7.01e-08,1.86e-08
Dec 23 2016,2457746,0.0,1.91e-08,9.55e-09
Dec 30 2016,2457753,29.24,5.04e-08,1.65e-08
Jan 06 2017,2457759,12.74,3.7e-08,1.58e-08
Jan 13 2017,2457766,12.58,4.77e-08,1.81e-08
Jan 20 2017,2457773,12.5,3.27e-08,1.41e-08
Jan 27 2017,2457780,26.02,4.53e-08,1.73e-08
Feb 03 2017,2457787,80.65,7.83e-08,1.86e-08
Feb 10 2017,2457794,19.87,3.57e-08,1.33e-08
Feb 17 2017,2457801,17.51,3.79e-08,1.58e-08
Feb 24 2017,2457808,10.02,3.97e-08,1.66e-08
Mar 03 2017,2457817,3.1,5.06e-08,2.53e-08
Mar 10 2017,2457824,47.81,6.63e-08,1.74e-08
Mar 17 2017,2457831,25.78,6.86e-08,2.04e-08
Mar 24 2017,2457838,18.04,4.24e-08,1.65e-08
Mar 31 2017,2457845,63.78,1.02e-07,2.22e-08
Apr 07 2017,2457852,9.63,6.05e-08,2.83e-08
Apr 14 2017,2457859,88.47,1.13e-07,2.05e-08
Apr 21 2017,2457866,109.06,1.19e-07,2.08e-08
Apr 28 2017,2457873,89.16,1.28e-07,2.3e-08
May 05 2017,2457880,308.69,2.42e-07,2.8e-08
May 12 2017,2457887,179.75,1.82e-07,2.6e-08
May 19 2017,2457894,266.18,2.47e-07,3e-08
May 26 2017,2457901,192.18,1.96e-07,2.8e-08
Jun 02 2017,2457907,69.11,9.88e-08,2.07e-08
Jun 09 2017,2457914,106.67,1.22e-07,2e-08
Jun 16 2017,2457921,118.6,1.4e-07,2.3e-08
Jun 23 2017,2457928,92.76,1.18e-07,2.3e-08
Jun 30 2017,2457935,85.88,1.36e-07,2.7e-08
Jul 07 2017,2457943,158.4,1.93e-07,2.8e-08
Jul 14 2017,2457950,208.56,1.68e-07,2.4e-08
Jul 21 2017,2457957,464.39,3.22e-07,3.1e-08
Jul 28 2017,2457964,1250.11,6.45e-07,4e-08
Aug 04 2017,2457970,727.42,4.96e-07,4e-08
Aug 11 2017,2457977,620.93,4.29e-07,3.6e-08
Aug 18 2017,2457984,186.22,1.92e-07,2.7e-08
Aug 25 2017,2457991,514.53,4.11e-07,3.7e-08
Sep 01 2017,2457998,121.03,1.47e-07,2.4e-08
Sep 08 2017,2458005,432.43,3.47e-07,3.5e-08
Sep 15 2017,2458012,390.46,3.18e-07,3.4e-08
Sep 22 2017,2458019,246.3,2.45e-07,3e-08
Sep 29 2017,2458026,290.24,2.06e-07,2.6e-08
Oct 06 2017,2458033,240.23,2.27e-07,2.8e-08
Oct 13 2017,2458040,344.61,2.62e-07,3e-08
Oct 20 2017,2458047,229.91,2.14e-07,2.7e-08
Oct 27 2017,2458054,107.28,1.46e-07,2.4e-08
Nov 03 2017,2458061,147.04,1.68e-07,2.5e-08
Nov 10 2017,2458068,118.35,1.18e-07,2.09e-08
Nov 17 2017,2458075,193.63,1.93e-07,2.6e-08
Nov 24 2017,2458082,237.39,2.36e-07,3e-08
Dec 01 2017,2458089,244.35,2.13e-07,2.8e-08
Dec 08 2017,2458096,151.25,1.79e-07,2.7e-08
Dec 15 2017,2458103,316.01,2.55e-07,2.9e-08
Dec 22 2017,2458110,517.04,3.64e-07,3.4e-08
Dec 29 2017,2458117,1462.1,7.7e-07,4.7e-08
Jan 05 2018,2458123,708.66,4.54e-07,3.8e-08
Jan 12 2018,2458130,589.27,3.97e-07,3.5e-08
Jan 19 2018,2458137,450.07,3.4e-07,3.4e-08
Jan 26 2018,2458144,286.05,2.35e-07,2.8e-08
Feb 02 2018,2458151,803.05,4.91e-07,3.7e-08
Feb 09 2018,2458158,691.29,5.08e-07,4e-08
Feb 16 2018,2458165,821.45,5.06e-07,3.8e-08
Feb 23 2018,2458172,219.17,2.03e-07,2.6e-08
Mar 02 2018,2458181,173.59,1.69e-07,2.4e-08
Mar 09 2018,2458188,486.55,3.35e-07,3.1e-08
Mar 16 2018,2458195,189.16,3.07e-07,4.4e-08
Apr 27 2018,2458237,61.74,4.74e-07,1.35e-07
May 04 2018,2458244,841.55,3.13e-07,2.1e-08
May 11 2018,2458251,802.71,3.4e-07,2.5e-08
May 18 2018,2458258,27.69,2.27e-07,9.7e-08
May 25 2018,2458265,850.29,3.82e-07,2.7e-08
Jun 01 2018,2458272,1005.32,4.62e-07,3.2e-08
Jun 08 2018,2458279,262.63,3.11e-07,4.1e-08
Jun 22 2018,2458293,1013.34,3.45e-07,2.3e-08
Jul 06 2018,2458307,144.29,2.7e-07,4.7e-08
Jul 13 2018,2458314,320.67,2.09e-07,2.3e-08
Jul 20 2018,2458321,313.6,2.4e-07,2.7e-08
Jul 27 2018,2458328,34.87,2.06e-07,7e-08
Aug 03 2018,2458334,763.52,3.52e-07,2.7e-08
Aug 10 2018,2458341,705.34,2.74e-07,2.1e-08
Aug 17 2018,2458348,196.71,2.63e-07,4.1e-08
Aug 24 2018,2458355,158.07,2.22e-07,3.4e-08
Aug 31 2018,2458362,868.48,3.5e-07,2.6e-08
Sep 07 2018,2458369,145.14,2.5e-07,4.1e-08
Sep 14 2018,2458376,280.87,1.8e-07,2.2e-08
Sep 21 2018,2458383,255.06,1.2e-07,1.5e-08
Sep 28 2018,2458390,382.02,1.57e-07,1.6e-08
Oct 05 2018,2458397,180.42,1.38e-07,1.9e-08
Oct 26 2018,2458418,108.26,9.26e-08,1.65e-08
Nov 02 2018,2458425,93.53,6.62e-08,1.35e-08
Nov 09 2018,2458432,47.39,6.84e-08,1.66e-08
Nov 16 2018,2458439,50.83,6.89e-08,1.66e-08
Nov 23 2018,2458446,144.25,7.9e-08,1.32e-08
Nov 30 2018,2458453,205.85,2.08e-07,2.8e-08
Dec 07 2018,2458460,1316.65,5.29e-07,3.3e-08
Dec 14 2018,2458467,1997.91,7.77e-07,4.2e-08
Dec 21 2018,2458474,481.99,3.02e-07,3e-08
Dec 28 2018,2458481,174.01,2.18e-07,3.3e-08
Jan 04 2019,2458488,43.27,5.62e-08,1.53e-08
Jan 11 2019,2458495,12.35,3.28e-08,1.35e-08
Jan 18 2019,2458502,35.1,6.9e-08,1.83e-08
Jan 25 2019,2458509,62.02,6.76e-08,1.48e-08
Feb 01 2019,2458515,53.81,6.36e-08,1.69e-08
Feb 08 2019,2458522,125.93,1.07e-07,1.95e-08
Feb 15 2019,2458529,119.68,1.73e-07,3.2e-08
Feb 22 2019,2458536,103.24,1.08e-07,2.08e-08
Mar 01 2019,2458546,237.26,1.67e-07,2.3e-08
Mar 08 2019,2458553,623.52,3.98e-07,3.4e-08
Mar 15 2019,2458560,312.34,2.49e-07,2.8e-08
Mar 22 2019,2458567,188.55,1.77e-07,2.5e-08
Mar 29 2019,2458574,109.87,1.07e-07,2.07e-08
Apr 05 2019,2458580,145.57,1.64e-07,2.6e-08
Apr 12 2019,2458587,582.99,3.14e-07,2.7e-08
Apr 19 2019,2458594,401.58,2.08e-07,2e-08
Apr 26 2019,2458601,359.11,2.48e-07,2.7e-08
May 03 2019,2458608,125.47,1.17e-07,2.06e-08
May 10 2019,2458615,325.26,2.48e-07,2.8e-08
May 17 2019,2458622,149.66,1.54e-07,2.4e-08
May 24 2019,2458629,135.62,1.48e-07,2.5e-08
May 31 2019,2458636,483.54,2.68e-07,2.4e-08
Jun 07 2019,2458643,211.71,1.46e-07,2e-08
Jun 14 2019,2458650,207.61,1.95e-07,2.8e-08
Jun 21 2019,2458657,318.36,2.49e-07,2.9e-08
Jun 28 2019,2458664,227.69,1.86e-07,2.6e-08
Jul 05 2019,2458671,378.29,2.88e-07,3.1e-08
Jul 12 2019,2458678,175.21,2.04e-07,2.9e-08
Jul 19 2019,2458685,309.85,1.72e-07,2e-08
Jul 26 2019,2458692,242.66,2.18e-07,2.8e-08
Aug 02 2019,2458699,121.84,1.34e-07,2.4e-08
Aug 09 2019,2458706,178.69,1.86e-07,2.6e-08
Aug 16 2019,2458713,438.29,3.39e-07,3.2e-08
Aug 23 2019,2458720,499.95,3.44e-07,3.3e-08
Aug 30 2019,2458727,423.44,2.65e-07,2.7e-08
Sep 06 2019,2458733,483.97,2.33e-07,2.1e-08
Sep 13 2019,2458740,285.41,2.18e-07,2.6e-08
Sep 20 2019,2458747,300.54,2.28e-07,2.7e-08
Sep 27 2019,2458754,307.81,1.88e-07,2.1e-08
Oct 04 2019,2458762,199.09,1.77e-07,2.4e-08
Oct 11 2019,2458769,483.2,3.14e-07,3e-08
Oct 18 2019,2458776,259.35,2.07e-07,2.6e-08
Oct 25 2019,2458783,322.86,2.57e-07,3e-08
Nov 01 2019,2458789,202.13,1.6e-07,2.3e-08
Nov 08 2019,2458796,164.63,1.34e-07,2e-08
Nov 15 2019,2458803,661.97,3.42e-07,2.8e-08
Nov 22 2019,2458810,552.39,3.71e-07,3.4e-08
Nov 29 2019,2458817,319.42,2.44e-07,2.8e-08
Dec 06 2019,2458824,198.67,2.06e-07,2.8e-08
Dec 13 2019,2458831,216.09,1.79e-07,2.5e-08
Dec 20 2019,2458838,96.2,2.04e-07,4e-08
Dec 27 2019,2458845,530.87,3.61e-07,3.3e-08
Jan 03 2020,2458852,240.26,2.77e-07,3.8e-08
Jan 10 2020,2458859,400.72,3.53e-07,3.5e-08
Jan 17 2020,2458866,765.53,4.4e-07,3.5e-08
Jan 24 2020,2458873,454.77,3.46e-07,3.3e-08
Jan 31 2020,2458880,306.86,2.43e-07,2.8e-08
Feb 07 2020,2458886,182.29,1.93e-07,3e-08
Feb 14 2020,2458893,344.06,2.5e-07,2.6e-08
Feb 21 2020,2458900,339.3,2.77e-07,3.1e-08
Feb 28 2020,2458907,308.6,2.71e-07,3e-08
Mar 06 2020,2458916,547.6,3.22e-07,3e-08
Mar 13 2020,2458923,550.84,3.46e-07,3.1e-08
Mar 20 2020,2458930,337.19,2.77e-07,3.1e-08
Mar 27 2020,2458937,545.64,4.02e-07,3.6e-08
Apr 03 2020,2458943,1056.85,6.08e-07,4.2e-08
Apr 10 2020,2458950,682.33,4.79e-07,3.8e-08
Apr 17 2020,2458957,684.86,3.15e-07,2.5e-08
Apr 24 2020,2458964,555.63,2.53e-07,2.3e-08
May 01 2020,2458972,247.35,1.95e-07,2.5e-08
May 08 2020,2458979,409.64,3.16e-07,3.1e-08
May 15 2020,2458986,325.49,2.33e-07,2.8e-08
May 22 2020,2458993,334.42,2.86e-07,3.1e-08
May 29 2020,2459000,132.05,1.52e-07,2.5e-08
Jun 05 2020,2459006,295.45,1.61e-07,1.9e-08
Jun 12 2020,2459013,193.76,2.09e-07,2.8e-08
Jun 19 2020,2459020,403.02,3.14e-07,3.2e-08
Jun 26 2020,2459027,603.0,4.21e-07,3.5e-08
Jul 03 2020,2459035,364.89,2.59e-07,2.9e-08
Jul 10 2020,2459042,323.89,2.3e-07,2.7e-08
Jul 17 2020,2459049,136.88,1.38e-07,2.3e-08
Jul 24 2020,2459056,107.91,8.72e-08,1.55e-08
Jul 31 2020,2459063,55.87,8.85e-08,2.17e-08
Aug 07 2020,2459069,190.35,1.3e-07,2e-08
Aug 14 2020,2459076,275.3,2.13e-07,2.7e-08
Aug 21 2020,2459083,229.95,1.95e-07,2.7e-08
Aug 28 2020,2459090,197.05,1.82e-07,2.6e-08
Sep 04 2020,2459096,398.53,2.5e-07,2.6e-08
Sep 11 2020,2459103,445.65,2.32e-07,2.2e-08
Sep 18 2020,2459110,154.19,1.5e-07,2.4e-08
Sep 25 2020,2459117,122.56,1.19e-07,2e-08
Oct 02 2020,2459125,214.4,1.47e-07,2e-08
Oct 09 2020,2459132,182.94,1.7e-07,2.4e-08
Oct 16 2020,2459139,144.9,1.3e-07,2.1e-08
Oct 23 2020,2459146,108.19,1.36e-07,2.5e-08
Oct 30 2020,2459153,196.35,1.6e-07,2.3e-08
Nov 06 2020,2459159,246.14,2.1e-07,2.7e-08
Nov 13 2020,2459166,268.09,1.98e-07,2.3e-08
Nov 20 2020,2459173,105.02,1.06e-07,1.95e-08
Nov 27 2020,2459180,53.4,8.24e-08,2.08e-08
Dec 04 2020,2459188,103.44,1.18e-07,2.21e-08
Dec 11 2020,2459195,161.76,1.58e-07,2.4e-08
Dec 18 2020,2459202,106.59,9.82e-08,1.9e-08
Dec 25 2020,2459209,61.35,1.31e-07,3.19e-08
Jan 01 2021,2459215,122.51,1.09e-07,2.01e-08
Jan 08 2021,2459222,21.97,7.44e-08,2.67e-08
Jan 15 2021,2459229,212.33,1.84e-07,2.6e-08
Jan 22 2021,2459236,419.56,2.81e-07,2.9e-08
Jan 29 2021,2459243,214.83,1.91e-07,2.5e-08
Feb 05 2021,2459250,181.17,1.71e-07,2.5e-08
Feb 12 2021,2459257,83.91,9e-08,1.91e-08
Feb 19 2021,2459264,120.33,1.17e-07,1.96e-08
Feb 26 2021,2459271,99.06,1.12e-07,2.18e-08
Mar 05 2021,2459280,159.32,1.55e-07,2.4e-08
Mar 12 2021,2459287,222.45,1.97e-07,2.6e-08
Mar 19 2021,2459294,204.27,1.53e-07,2.3e-08
Mar 26 2021,2459301,161.5,1.54e-07,2.3e-08
Apr 02 2021,2459307,94.79,9.42e-08,1.93e-08
Apr 09 2021,2459314,83.84,1.01e-07,2.09e-08
Apr 16 2021,2459321,51.72,7.48e-08,1.9e-08
Apr 23 2021,2459328,155.87,1.19e-07,1.6e-08
Apr 30 2021,2459335,370.12,2.13e-07,2.3e-08
May 07 2021,2459343,89.44,9.45e-08,1.94e-08
May 14 2021,2459350,190.75,1.99e-07,2.7e-08
May 21 2021,2459357,91.61,1.29e-07,2.4e-08
May 28 2021,2459364,157.15,1.62e-07,2.4e-08
Jun 04 2021,2459370,121.12,1.43e-07,2.5e-08
Jun 11 2021,2459377,180.8,1.31e-07,1.8e-08
Jun 18 2021,2459384,154.88,1.7e-07,2.7e-08
Jun 25 2021,2459391,85.2,1.09e-07,2.07e-08
Jul 02 2021,2459399,323.15,2.42e-07,2.7e-08
Jul 09 2021,2459406,125.61,1.28e-07,2.2e-08
Jul 16 2021,2459413,90.09,1.27e-07,2.4e-08
Jul 23 2021,2459420,129.43,1.31e-07,2.2e-08
Jul 30 2021,2459427,329.5,1.97e-07,2.1e-08
Aug 06 2021,2459433,222.25,2.15e-07,2.8e-08
Aug 13 2021,2459440,112.62,1.1e-07,1.99e-08
Aug 20 2021,2459447,231.95,2.34e-07,3e-08
Aug 27 2021,2459454,226.45,2.23e-07,2.8e-08
Sep 03 2021,2459461,289.93,2.48e-07,2.9e-08
Sep 10 2021,2459468,363.29,2.1e-07,2.2e-08
Sep 17 2021,2459475,192.51,1.43e-07,2e-08
Sep 24 2021,2459482,77.17,9.75e-08,1.97e-08
Oct 01 2021,2459489,118.83,1.09e-07,1.92e-08
Oct 08 2021,2459496,115.5,1.02e-07,1.75e-08
Oct 15 2021,2459503,12.81,4.24e-08,1.66e-08
Oct 22 2021,2459510,224.04,2.03e-07,2.6e-08
Oct 29 2021,2459517,220.15,1.62e-07,2.4e-08
Nov 05 2021,2459524,88.86,8.95e-08,1.89e-08
Nov 12 2021,2459531,114.13,9.43e-08,1.92e-08
Nov 19 2021,2459538,201.88,1.5e-07,2.1e-08
Nov 26 2021,2459545,107.24,1.18e-07,2.38e-08
Dec 03 2021,2459552,40.18,7.42e-08,2e-08
Dec 10 2021,2459559,124.55,1.26e-07,2.3e-08
Dec 17 2021,2459566,97.66,1.15e-07,2.11e-08
Dec 24 2021,2459573,65.4,9.77e-08,2.21e-08
Dec 31 2021,2459580,93.79,1.29e-07,2.6e-08
Jan 07 2022,2459586,71.53,1.02e-07,2.11e-08
Jan 14 2022,2459593,46.53,1.21e-07,3e-08
Jan 21 2022,2459600,96.63,1.04e-07,2.08e-08
Jan 28 2022,2459607,64.48,8.8e-08,1.98e-08
Feb 04 2022,2459614,94.53,1.02e-07,1.97e-08
Feb 11 2022,2459621,141.16,1.48e-07,2.4e-08
Feb 18 2022,2459628,68.52,8.21e-08,1.83e-08
Feb 25 2022,2459635,22.88,5.76e-08,1.78e-08
Mar 04 2022,2459644,103.53,1.25e-07,2.4e-08
Mar 11 2022,2459651,94.61,1.03e-07,1.92e-08
Mar 18 2022,2459658,135.32,1.21e-07,2e-08
Mar 25 2022,2459665,56.53,8.29e-08,1.9e-08
Apr 01 2022,2459672,99.88,1.06e-07,2e-08
Apr 08 2022,2459679,84.65,8.4e-08,1.79e-08
Apr 15 2022,2459686,46.27,6.31e-08,1.74e-08
Apr 22 2022,2459693,114.17,9.38e-08,1.78e-08
Apr 29 2022,2459700,228.38,1.41e-07,1.7e-08
May 06 2022,2459707,69.29,8.47e-08,1.77e-08
May 13 2022,2459714,75.55,1.12e-07,2.2e-08
May 20 2022,2459721,49.91,6.84e-08,1.74e-08
May 27 2022,2459728,57.62,7.27e-08,1.81e-08
Jun 03 2022,2459735,42.19,7.6e-08,1.98e-08
Jun 10 2022,2459742,22.69,4.16e-08,1.5e-08
Jun 17 2022,2459749,34.44,4.09e-08,1.3e-08
Jun 24 2022,2459756,32.3,7.03e-08,2.19e-08
Jul 01 2022,2459763,77.06,8.94e-08,1.9e-08
Jul 08 2022,2459770,27.41,4.9e-08,1.63e-08
Jul 15 2022,2459777,41.39,4.96e-08,1.59e-08
Jul 22 2022,2459784,56.27,7.11e-08,1.81e-08
Jul 29 2022,2459791,76.67,7.87e-08,1.74e-08
Aug 05 2022,2459797,18.95,3.92e-08,1.36e-08
Aug 12 2022,2459804,11.26,3.31e-08,1.42e-08
Aug 19 2022,2459811,90.14,9.37e-08,1.94e-08
Aug 26 2022,2459818,61.93,7.09e-08,1.79e-08
Sep 02 2022,2459825,76.87,9.9e-08,1.98e-08
Sep 09 2022,2459832,40.64,4.5e-08,1.35e-08
Sep 16 2022,2459839,169.83,1.07e-07,1.58e-08
Sep 23 2022,2459846,58.41,6.83e-08,1.73e-08
Sep 30 2022,2459853,37.09,6.77e-08,1.81e-08
Oct 07 2022,2459860,84.86,7.45e-08,1.53e-08
Oct 14 2022,2459867,76.77,6.79e-08,1.52e-08
Oct 21 2022,2459874,53.85,8.43e-08,1.96e-08
Oct 28 2022,2459881,14.6,4.19e-08,1.69e-08
Nov 04 2022,2459888,57.58,8.59e-08,1.98e-08
Nov 11 2022,2459895,64.54,8.17e-08,1.9e-08
Nov 18 2022,2459902,57.4,8.19e-08,1.98e-08
Nov 25 2022,2459909,115.53,1.08e-07,1.89e-08
Dec 02 2022,2459916,47.6,1.15e-07,2.72e-08
Dec 09 2022,2459923,107.33,1.32e-07,2.3e-08
Dec 16 2022,2459930,39.91,4.64e-08,1.53e-08
Dec 23 2022,2459937,52.14,6.99e-08,1.73e-08
Dec 30 2022,2459944,88.35,1.19e-07,2.48e-08
Jan 06 2023,2459951,73.97,8.25e-08,1.85e-08
Jan 13 2023,2459958,53.69,6.78e-08,1.92e-08
Jan 20 2023,2459965,40.14,6.37e-08,1.8e-08
Jan 27 2023,2459972,44.88,6.9e-08,1.71e-08
Feb 03 2023,2459978,207.9,1.51e-07,2.2e-08
Feb 10 2023,2459985,122.71,9.8e-08,1.93e-08
Feb 17 2023,2459992,15.16,3.32e-08,1.54e-08
Feb 24 2023,2459999,51.42,7.62e-08,1.73e-08
Mar 03 2023,2460009,12.89,3.5e-08,1.46e-08
Mar 10 2023,2460016,45.82,6.92e-08,1.81e-08
Mar 17 2023,2460023,50.41,5.6e-08,1.46e-08
Mar 24 2023,2460030,28.77,5.16e-08,1.53e-08
Mar 31 2023,2460037,44.82,6.27e-08,1.69e-08
Apr 07 2023,2460043,87.39,8.17e-08,1.74e-08
Apr 14 2023,2460050,11.64,2.82e-08,1.33e-08
Apr 21 2023,2460057,29.55,4.16e-08,1.57e-08
Apr 28 2023,2460064,46.38,4.22e-08,1.11e-08
May 05 2023,2460071,82.69,6.64e-08,1.34e-08
May 12 2023,2460078,31.32,4.69e-08,1.37e-08
May 19 2023,2460085,68.61,7.87e-08,1.79e-08
May 26 2023,2460092,22.45,4.84e-08,1.61e-08
Jun 02 2023,2460099,51.85,6.19e-08,1.58e-08
Jun 09 2023,2460106,5.71,2.23e-08,1.44e-08
Jun 16 2023,2460113,5.37,2.25e-08,1.19e-08
Jun 23 2023,2460120,20.82,2.17e-08,1.02e-08
Jun 30 2023,2460127,5.96,2.07e-08,1.32e-08
Jul 07 2023,2460134,22.57,2.66e-08,1.1e-08
Jul 14 2023,2460141,15.17,4.18e-08,1.6e-08
Jul 21 2023,2460148,38.82,6.05e-08,1.85e-08
Sep 08 2023,2460196,10.98,3.04e-08,1.33e-08
